Workbook

Sheet Meetings
A1: Booked date | B1: Meeting date | C1: First name | D1: Last name | E1: Title | F1: Organisation | G1: Domain | H1: Email | I1: LinkedIn URL | J1: Campaign | K1: Offer / angle | L1: Booked via | M1: Status | N1: Qualified? | O1: Billable | P1: Billing month | Q1: Invoiced? | R1: Notes
O2: =IF(AND(M2="Performed",N2="Yes"),1,0) | P2: =IF(B2="","",TEXT(B2,"yyyy-mm"))
O3: =IF(AND(M3="Performed",N3="Yes"),1,0) | P3: =IF(B3="","",TEXT(B3,"yyyy-mm"))
O4: =IF(AND(M4="Performed",N4="Yes"),1,0) | P4: =IF(B4="","",TEXT(B4,"yyyy-mm"))
O5: =IF(AND(M5="Performed",N5="Yes"),1,0) | P5: =IF(B5="","",TEXT(B5,"yyyy-mm"))
O6: =IF(AND(M6="Performed",N6="Yes"),1,0) | P6: =IF(B6="","",TEXT(B6,"yyyy-mm"))
O7: =IF(AND(M7="Performed",N7="Yes"),1,0) | P7: =IF(B7="","",TEXT(B7,"yyyy-mm"))
O8: =IF(AND(M8="Performed",N8="Yes"),1,0) | P8: =IF(B8="","",TEXT(B8,"yyyy-mm"))
O9: =IF(AND(M9="Performed",N9="Yes"),1,0) | P9: =IF(B9="","",TEXT(B9,"yyyy-mm"))
O10: =IF(AND(M10="Performed",N10="Yes"),1,0) | P10: =IF(B10="","",TEXT(B10,"yyyy-mm"))
O11: =IF(AND(M11="Performed",N11="Yes"),1,0) | P11: =IF(B11="","",TEXT(B11,"yyyy-mm"))
O12: =IF(AND(M12="Performed",N12="Yes"),1,0) | P12: =IF(B12="","",TEXT(B12,"yyyy-mm"))
O13: =IF(AND(M13="Performed",N13="Yes"),1,0) | P13: =IF(B13="","",TEXT(B13,"yyyy-mm"))
... O1001: =IF(AND(M1001="Performed",N1001="Yes"),1,0) | P1001: =IF(B1001="","",TEXT(B1001,"yyyy-mm"))

Sheet Monthly billing
A1: Month | B1: Meetings dated this month | C1: Still upcoming (Booked / Rescheduled) | D1: Performed | E1: No-show | F1: Billable (performed + qualified) | G1: Rate applied | H1: Invoice amount | I1: Gap to tier threshold | J1: Value of hitting threshold | K1: vs target | L1: Invoice date
A2: 2026-06 | B2: =COUNTIF(Meetings!$P$2:$P$1001,A2) | C2: =COUNTIFS(Meetings!$P$2:$P$1001,A2,Meetings!$M$2:$M$1001,"Booked")+COUNTIFS(Meetings!$P$2:$P$1001,A2,Meetings!$M$2:$M$1001,"Rescheduled") | D2: =COUNTIFS(Meetings!$P$2:$P$1001,A2,Meetings!$M$2:$M$1001,"Performed") | E2: =COUNTIFS(Meetings!$P$2:$P$1001,A2,Meetings!$M$2:$M$1001,"No-show") | F2: =SUMIFS(Meetings!$O$2:$O$1001,Meetings!$P$2:$P$1001,A2) | G2: =IF(F2>=Settings!$B$5,Settings!$B$4,Settings!$B$3) | H2: =F2*G2 | I2: =MAX(0,Settings!$B$5-F2) | J2: =IF(F2>=Settings!$B$5,0,Settings!$B$5*Settings!$B$4-F2*Settings!$B$3) | K2: =IF(F2>=Settings!$B$7,"Above max",IF(F2>=Settings!$B$6,"On target","Below target")) | L2: =DATE(VALUE(LEFT(A2,4)),VALUE(MID(A2,6,2))+1,1)
A3: 2026-07 | B3: =COUNTIF(Meetings!$P$2:$P$1001,A3) | C3: =COUNTIFS(Meetings!$P$2:$P$1001,A3,Meetings!$M$2:$M$1001,"Booked")+COUNTIFS(Meetings!$P$2:$P$1001,A3,Meetings!$M$2:$M$1001,"Rescheduled") | D3: =COUNTIFS(Meetings!$P$2:$P$1001,A3,Meetings!$M$2:$M$1001,"Performed") | E3: =COUNTIFS(Meetings!$P$2:$P$1001,A3,Meetings!$M$2:$M$1001,"No-show") | F3: =SUMIFS(Meetings!$O$2:$O$1001,Meetings!$P$2:$P$1001,A3) | G3: =IF(F3>=Settings!$B$5,Settings!$B$4,Settings!$B$3) | H3: =F3*G3 | I3: =MAX(0,Settings!$B$5-F3) | J3: =IF(F3>=Settings!$B$5,0,Settings!$B$5*Settings!$B$4-F3*Settings!$B$3) | K3: =IF(F3>=Settings!$B$7,"Above max",IF(F3>=Settings!$B$6,"On target","Below target")) | L3: =DATE(VALUE(LEFT(A3,4)),VALUE(MID(A3,6,2))+1,1)
A4: 2026-08 | B4: =COUNTIF(Meetings!$P$2:$P$1001,A4) | C4: =COUNTIFS(Meetings!$P$2:$P$1001,A4,Meetings!$M$2:$M$1001,"Booked")+COUNTIFS(Meetings!$P$2:$P$1001,A4,Meetings!$M$2:$M$1001,"Rescheduled") | D4: =COUNTIFS(Meetings!$P$2:$P$1001,A4,Meetings!$M$2:$M$1001,"Performed") | E4: =COUNTIFS(Meetings!$P$2:$P$1001,A4,Meetings!$M$2:$M$1001,"No-show") | F4: =SUMIFS(Meetings!$O$2:$O$1001,Meetings!$P$2:$P$1001,A4) | G4: =IF(F4>=Settings!$B$5,Settings!$B$4,Settings!$B$3) | H4: =F4*G4 | I4: =MAX(0,Settings!$B$5-F4) | J4: =IF(F4>=Settings!$B$5,0,Settings!$B$5*Settings!$B$4-F4*Settings!$B$3) | K4: =IF(F4>=Settings!$B$7,"Above max",IF(F4>=Settings!$B$6,"On target","Below target")) | L4: =DATE(VALUE(LEFT(A4,4)),VALUE(MID(A4,6,2))+1,1)
A5: 2026-09 | B5: =COUNTIF(Meetings!$P$2:$P$1001,A5) | C5: =COUNTIFS(Meetings!$P$2:$P$1001,A5,Meetings!$M$2:$M$1001,"Booked")+COUNTIFS(Meetings!$P$2:$P$1001,A5,Meetings!$M$2:$M$1001,"Rescheduled") | D5: =COUNTIFS(Meetings!$P$2:$P$1001,A5,Meetings!$M$2:$M$1001,"Performed") | E5: =COUNTIFS(Meetings!$P$2:$P$1001,A5,Meetings!$M$2:$M$1001,"No-show") | F5: =SUMIFS(Meetings!$O$2:$O$1001,Meetings!$P$2:$P$1001,A5) | G5: =IF(F5>=Settings!$B$5,Settings!$B$4,Settings!$B$3) | H5: =F5*G5 | I5: =MAX(0,Settings!$B$5-F5) | J5: =IF(F5>=Settings!$B$5,0,Settings!$B$5*Settings!$B$4-F5*Settings!$B$3) | K5: =IF(F5>=Settings!$B$7,"Above max",IF(F5>=Settings!$B$6,"On target","Below target")) | L5: =DATE(VALUE(LEFT(A5,4)),VALUE(MID(A5,6,2))+1,1)
A6: 2026-10 | B6: =COUNTIF(Meetings!$P$2:$P$1001,A6) | C6: =COUNTIFS(Meetings!$P$2:$P$1001,A6,Meetings!$M$2:$M$1001,"Booked")+COUNTIFS(Meetings!$P$2:$P$1001,A6,Meetings!$M$2:$M$1001,"Rescheduled") | D6: =COUNTIFS(Meetings!$P$2:$P$1001,A6,Meetings!$M$2:$M$1001,"Performed") | E6: =COUNTIFS(Meetings!$P$2:$P$1001,A6,Meetings!$M$2:$M$1001,"No-show") | F6: =SUMIFS(Meetings!$O$2:$O$1001,Meetings!$P$2:$P$1001,A6) | G6: =IF(F6>=Settings!$B$5,Settings!$B$4,Settings!$B$3) | H6: =F6*G6 | I6: =MAX(0,Settings!$B$5-F6) | J6: =IF(F6>=Settings!$B$5,0,Settings!$B$5*Settings!$B$4-F6*Settings!$B$3) | K6: =IF(F6>=Settings!$B$7,"Above max",IF(F6>=Settings!$B$6,"On target","Below target")) | L6: =DATE(VALUE(LEFT(A6,4)),VALUE(MID(A6,6,2))+1,1)
A7: 2026-11 | B7: =COUNTIF(Meetings!$P$2:$P$1001,A7) | C7: =COUNTIFS(Meetings!$P$2:$P$1001,A7,Meetings!$M$2:$M$1001,"Booked")+COUNTIFS(Meetings!$P$2:$P$1001,A7,Meetings!$M$2:$M$1001,"Rescheduled") | D7: =COUNTIFS(Meetings!$P$2:$P$1001,A7,Meetings!$M$2:$M$1001,"Performed") | E7: =COUNTIFS(Meetings!$P$2:$P$1001,A7,Meetings!$M$2:$M$1001,"No-show") | F7: =SUMIFS(Meetings!$O$2:$O$1001,Meetings!$P$2:$P$1001,A7) | G7: =IF(F7>=Settings!$B$5,Settings!$B$4,Settings!$B$3) | H7: =F7*G7 | I7: =MAX(0,Settings!$B$5-F7) | J7: =IF(F7>=Settings!$B$5,0,Settings!$B$5*Settings!$B$4-F7*Settings!$B$3) | K7: =IF(F7>=Settings!$B$7,"Above max",IF(F7>=Settings!$B$6,"On target","Below target")) | L7: =DATE(VALUE(LEFT(A7,4)),VALUE(MID(A7,6,2))+1,1)
A8: 2026-12 | B8: =COUNTIF(Meetings!$P$2:$P$1001,A8) | C8: =COUNTIFS(Meetings!$P$2:$P$1001,A8,Meetings!$M$2:$M$1001,"Booked")+COUNTIFS(Meetings!$P$2:$P$1001,A8,Meetings!$M$2:$M$1001,"Rescheduled") | D8: =COUNTIFS(Meetings!$P$2:$P$1001,A8,Meetings!$M$2:$M$1001,"Performed") | E8: =COUNTIFS(Meetings!$P$2:$P$1001,A8,Meetings!$M$2:$M$1001,"No-show") | F8: =SUMIFS(Meetings!$O$2:$O$1001,Meetings!$P$2:$P$1001,A8) | G8: =IF(F8>=Settings!$B$5,Settings!$B$4,Settings!$B$3) | H8: =F8*G8 | I8: =MAX(0,Settings!$B$5-F8) | J8: =IF(F8>=Settings!$B$5,0,Settings!$B$5*Settings!$B$4-F8*Settings!$B$3) | K8: =IF(F8>=Settings!$B$7,"Above max",IF(F8>=Settings!$B$6,"On target","Below target")) | L8: =DATE(VALUE(LEFT(A8,4)),VALUE(MID(A8,6,2))+1,1)
A9: 2027-01 | B9: =COUNTIF(Meetings!$P$2:$P$1001,A9) | C9: =COUNTIFS(Meetings!$P$2:$P$1001,A9,Meetings!$M$2:$M$1001,"Booked")+COUNTIFS(Meetings!$P$2:$P$1001,A9,Meetings!$M$2:$M$1001,"Rescheduled") | D9: =COUNTIFS(Meetings!$P$2:$P$1001,A9,Meetings!$M$2:$M$1001,"Performed") | E9: =COUNTIFS(Meetings!$P$2:$P$1001,A9,Meetings!$M$2:$M$1001,"No-show") | F9: =SUMIFS(Meetings!$O$2:$O$1001,Meetings!$P$2:$P$1001,A9) | G9: =IF(F9>=Settings!$B$5,Settings!$B$4,Settings!$B$3) | H9: =F9*G9 | I9: =MAX(0,Settings!$B$5-F9) | J9: =IF(F9>=Settings!$B$5,0,Settings!$B$5*Settings!$B$4-F9*Settings!$B$3) | K9: =IF(F9>=Settings!$B$7,"Above max",IF(F9>=Settings!$B$6,"On target","Below target")) | L9: =DATE(VALUE(LEFT(A9,4)),VALUE(MID(A9,6,2))+1,1)
A10: 2027-02 | B10: =COUNTIF(Meetings!$P$2:$P$1001,A10) | C10: =COUNTIFS(Meetings!$P$2:$P$1001,A10,Meetings!$M$2:$M$1001,"Booked")+COUNTIFS(Meetings!$P$2:$P$1001,A10,Meetings!$M$2:$M$1001,"Rescheduled") | D10: =COUNTIFS(Meetings!$P$2:$P$1001,A10,Meetings!$M$2:$M$1001,"Performed") | E10: =COUNTIFS(Meetings!$P$2:$P$1001,A10,Meetings!$M$2:$M$1001,"No-show") | F10: =SUMIFS(Meetings!$O$2:$O$1001,Meetings!$P$2:$P$1001,A10) | G10: =IF(F10>=Settings!$B$5,Settings!$B$4,Settings!$B$3) | H10: =F10*G10 | I10: =MAX(0,Settings!$B$5-F10) | J10: =IF(F10>=Settings!$B$5,0,Settings!$B$5*Settings!$B$4-F10*Settings!$B$3) | K10: =IF(F10>=Settings!$B$7,"Above max",IF(F10>=Settings!$B$6,"On target","Below target")) | L10: =DATE(VALUE(LEFT(A10,4)),VALUE(MID(A10,6,2))+1,1)
A11: 2027-03 | B11: =COUNTIF(Meetings!$P$2:$P$1001,A11) | C11: =COUNTIFS(Meetings!$P$2:$P$1001,A11,Meetings!$M$2:$M$1001,"Booked")+COUNTIFS(Meetings!$P$2:$P$1001,A11,Meetings!$M$2:$M$1001,"Rescheduled") | D11: =COUNTIFS(Meetings!$P$2:$P$1001,A11,Meetings!$M$2:$M$1001,"Performed") | E11: =COUNTIFS(Meetings!$P$2:$P$1001,A11,Meetings!$M$2:$M$1001,"No-show") | F11: =SUMIFS(Meetings!$O$2:$O$1001,Meetings!$P$2:$P$1001,A11) | G11: =IF(F11>=Settings!$B$5,Settings!$B$4,Settings!$B$3) | H11: =F11*G11 | I11: =MAX(0,Settings!$B$5-F11) | J11: =IF(F11>=Settings!$B$5,0,Settings!$B$5*Settings!$B$4-F11*Settings!$B$3) | K11: =IF(F11>=Settings!$B$7,"Above max",IF(F11>=Settings!$B$6,"On target","Below target")) | L11: =DATE(VALUE(LEFT(A11,4)),VALUE(MID(A11,6,2))+1,1)
A12: 2027-04 | B12: =COUNTIF(Meetings!$P$2:$P$1001,A12) | C12: =COUNTIFS(Meetings!$P$2:$P$1001,A12,Meetings!$M$2:$M$1001,"Booked")+COUNTIFS(Meetings!$P$2:$P$1001,A12,Meetings!$M$2:$M$1001,"Rescheduled") | D12: =COUNTIFS(Meetings!$P$2:$P$1001,A12,Meetings!$M$2:$M$1001,"Performed") | E12: =COUNTIFS(Meetings!$P$2:$P$1001,A12,Meetings!$M$2:$M$1001,"No-show") | F12: =SUMIFS(Meetings!$O$2:$O$1001,Meetings!$P$2:$P$1001,A12) | G12: =IF(F12>=Settings!$B$5,Settings!$B$4,Settings!$B$3) | H12: =F12*G12 | I12: =MAX(0,Settings!$B$5-F12) | J12: =IF(F12>=Settings!$B$5,0,Settings!$B$5*Settings!$B$4-F12*Settings!$B$3) | K12: =IF(F12>=Settings!$B$7,"Above max",IF(F12>=Settings!$B$6,"On target","Below target")) | L12: =DATE(VALUE(LEFT(A12,4)),VALUE(MID(A12,6,2))+1,1)
A13: 2027-05 | B13: =COUNTIF(Meetings!$P$2:$P$1001,A13) | C13: =COUNTIFS(Meetings!$P$2:$P$1001,A13,Meetings!$M$2:$M$1001,"Booked")+COUNTIFS(Meetings!$P$2:$P$1001,A13,Meetings!$M$2:$M$1001,"Rescheduled") | D13: =COUNTIFS(Meetings!$P$2:$P$1001,A13,Meetings!$M$2:$M$1001,"Performed") | E13: =COUNTIFS(Meetings!$P$2:$P$1001,A13,Meetings!$M$2:$M$1001,"No-show") | F13: =SUMIFS(Meetings!$O$2:$O$1001,Meetings!$P$2:$P$1001,A13) | G13: =IF(F13>=Settings!$B$5,Settings!$B$4,Settings!$B$3) | H13: =F13*G13 | I13: =MAX(0,Settings!$B$5-F13) | J13: =IF(F13>=Settings!$B$5,0,Settings!$B$5*Settings!$B$4-F13*Settings!$B$3) | K13: =IF(F13>=Settings!$B$7,"Above max",IF(F13>=Settings!$B$6,"On target","Below target")) | L13: =DATE(VALUE(LEFT(A13,4)),VALUE(MID(A13,6,2))+1,1)
A14: 2027-06 | B14: =COUNTIF(Meetings!$P$2:$P$1001,A14) | C14: =COUNTIFS(Meetings!$P$2:$P$1001,A14,Meetings!$M$2:$M$1001,"Booked")+COUNTIFS(Meetings!$P$2:$P$1001,A14,Meetings!$M$2:$M$1001,"Rescheduled") | D14: =COUNTIFS(Meetings!$P$2:$P$1001,A14,Meetings!$M$2:$M$1001,"Performed") | E14: =COUNTIFS(Meetings!$P$2:$P$1001,A14,Meetings!$M$2:$M$1001,"No-show") | F14: =SUMIFS(Meetings!$O$2:$O$1001,Meetings!$P$2:$P$1001,A14) | G14: =IF(F14>=Settings!$B$5,Settings!$B$4,Settings!$B$3) | H14: =F14*G14 | I14: =MAX(0,Settings!$B$5-F14) | J14: =IF(F14>=Settings!$B$5,0,Settings!$B$5*Settings!$B$4-F14*Settings!$B$3) | K14: =IF(F14>=Settings!$B$7,"Above max",IF(F14>=Settings!$B$6,"On target","Below target")) | L14: =DATE(VALUE(LEFT(A14,4)),VALUE(MID(A14,6,2))+1,1)
A15: Total | B15: =SUM(B2:B14) | C15: =SUM(C2:C14) | D15: =SUM(D2:D14) | E15: =SUM(E2:E14) | F15: =SUM(F2:F14) | H15: =SUM(H2:H14)

Sheet Settings
A1: Setting | B1: Value | C1: Note
A2: Client | B2: <client>
A3: Base rate per billable meeting | B3: 500 | C3: Performed AND qualified meeting
A4: Tier rate per billable meeting | B4: 650 | C4: Applies to EVERY meeting in the month, retroactively, once the threshold is hit
A5: Tier threshold (billable meetings / month) | B5: 10 | C5: 9 meetings = 9 x 500; 10 meetings = 10 x 650
A6: Monthly target, minimum | B6: 10
A7: Monthly target, maximum | B7: 20
A8: Currency | B8: USD | C8: Assumed from '$' in Milan's answer
A9: Billing | B9: In arrears | C9: Invoiced at the start of the month for the previous month

Sheet How to use
A1: One row per meeting on the Meetings tab. Fill the white columns; Billable and Billing month calculate themselves.
A2: Status: Booked -> Performed / No-show / Cancelled / Rescheduled. Qualified?: Yes only when PropFuel accepts it as qualified.
A3: Billable = Status 'Performed' AND Qualified 'Yes'. Billing month = the month of the MEETING date, not the booking date.
A4: Monthly billing: once billable meetings reach the tier threshold (10), every meeting that month is billed at the tier rate (650), retroactively.
A5: 'Value of hitting threshold' shows what the 10th meeting is worth: at 9 billable it is 10x650 - 9x500 = $2,000.
A6: Invoice date = the 1st of the following month (billing is in arrears).
A7: Email and LinkedIn URL are used to suppress already-booked people from new sends: FNNL copies them into suppression-list.csv before each upload.
A8: Rates and targets live on the Settings tab; change them there, never inside formulas.
